"","general","picture","blocks","maze","reading","vocab"
"general",1,0.46626493273404,0.551663190180477,0.340324989232195,0.576479925702575,0.514405790851105
"picture",0.46626493273404,1,0.572436361493909,0.193099184200868,0.262922870510902,0.239276608467733
"blocks",0.551663190180477,0.572436361493909,1,0.445090137382892,0.354025184203094,0.356471505982897
"maze",0.340324989232195,0.193099184200868,0.445090137382892,1,0.183964450481195,0.218836981560446
"reading",0.576479925702575,0.262922870510902,0.354025184203094,0.183964450481195,1,0.791377858846795
"vocab",0.514405790851105,0.239276608467733,0.356471505982897,0.218836981560446,0.791377858846796,1
