,X,Population,Illiteracy,Income,Frost,prediction
1,1,39471,0.3,6971,156,11.84589267
2,2,44617,1.3,6265,251,17.14950284
3,3,46688,1.8,4445,179,19.52504584
4,4,49639,2.5,6913,201,23.25688632
5,5,38647,3,6055,100,22.75567684
6,6,41767,2.3,4513,153,20.48502464
7,7,1364,1.3,6419,226,7.470261376
8,8,39814,1.2,5684,232,15.61243088
9,9,40552,0.1,7469,159,11.29294584
10,10,31383,1,6080,220,12.91659314
